Name,Composition [a],Supposed structures [a],P1TS [b],P1TI,P3TS,P2TS,P4TS,P4TI,P6TA-FS,P6TA-FG,P6TA-AS,P6TA-AG,P5TA-AS,P5TA-AG,P7TA-AS,P7TA-AG,P8H,P9H,P10H
384,Hex1HexNAc1,Galβ1-3GalNAcol,0.2 [c],2.1,0.0,1.7,1.5,0.0,3.5,1.3,0.0,0.0,2.0,0.0,0.0,0.0,2.3,0.0,0.9
425-1,HexNAc2,GlcNAcβ1-3GalNAcol,0.0,0.2,0.0,0.1,0.0,0.0,0.2,0.0,0.0,0.0,0.1,0.0,0.0,0.0,0.0,0.0,0.1
425-2,HexNAc2,GalNAcα1-3GalNAcol,0.0,0.0,0.0,0.0,0.0,0.0,0.1,0.0,0.0,0.0,0.1,0.0,0.0,0.0,0.1,0.0,0.1
513,NeuAc1HexNAc1,NeuAcα2-6GalNAcol,0.7,3.3,0.0,10.6,11.3,0.0,0.3,0.5,0.0,0.0,12.5,0.0,0.0,0.3,0.9,1.3,2.2
530,Hex1HexNAc1dHex1,Fucα1-2Galβ1-3GalNAcol,12.5,8.6,5.2,3.3,6.0,7.9,2.3,11.7,12.0,6.6,4.1,6.3,13.2,7.5,12.0,1.9,8.5
587-1,Hex1HexNAc2,Galβ1-3(GlcNAcβ1-6)GalNAcol,0.3,3.2,0.5,2.2,2.4,1.6,1.7,0.8,0.7,1.9,9.0,0.0,6.8,0.1,2.2,0.5,2.2
587-2,Hex1HexNAc2,"GlcNAcα1-4Galβ1-3GalNAcol [d, e]",0.5,1.3,1.4,2.0,3.9,0.0,0.5,0.5,0.7,0.0,0.0,0.0,0.0,0.3,0.1,0.2,0.7
587-3,Hex1HexNAc2,Galβ1-4GlcNAcβ1-3GalNAcol,0.1,1.2,0.0,0.2,0.1,0.0,2.2,0.6,0.7,0.0,0.1,3.1,0.0,0.0,0.9,0.0,0.5
587-4,Hex1HexNAc2,Galβ1-3GlcNAcβ1-3GalNAcol,0.0,0.2,0.0,0.3,0.4,1.2,0.8,0.6,0.0,0.0,0.1,5.6,0.0,0.0,0.3,0.0,0.0
628,HexNAc3,GalNAcβ1-4GlcNAcβ1-3GalNAcol,0.0,0.1,0.0,0.1,0.0,0.0,0.2,0.0,0.0,0.0,0.0,0.0,0.0,0.0,0.1,0.0,0.0
667-1,Hex1HexNAc2Sul1,"Galb1,3(6SGlcNAcβ1-6)GalNAcol",0.0,0.1,0.0,0.6,2.3,0.0,0.0,0.0,0.0,0.0,0.0,0.0,0.0,0.0,0.0,0.0,0.0
667-2,Hex1HexNAc2Sul1,Galβ1-4(6S)GlcNAcβ1-3GalNAcol,0.0,0.0,0.0,0.0,0.1,0.0,0.0,0.0,0.0,0.0,0.0,0.0,0.0,0.0,0.0,0.0,0.0
675-1,NeuAc2Hex1HexNAc1,Galβ1-3(NeuAcα2-6)GalNAcol,0.2,3.6,0.5,3.7,3.4,0.2,0.4,0.5,0.4,1.6,14.2,0.0,0.0,0.1,0.8,0.3,3.1
675-2,NeuAc2Hex1HexNAc1,NeuAcαα2-3Galβ1-3GalNAcol,0.6,0.5,1.7,3.8,0.8,0.3,0.9,0.6,0.2,2.5,0.6,0.0,0.0,0.1,0.7,0.5,1.0
692,Hex2HexNAc1dHex1,Galα1-3(Fucα1-2)Galβ1-3GalNAcol,0.0,0.6,0.0,0.0,0.0,0.0,0.0,0.0,0.0,0.0,0.1,0.0,0.0,0.0,0.0,0.0,0.4
716-1,NeuAc1HexNAc2,GlcNAcβ1-3(NeuAcα2-6)GalNAcol,0.0,0.2,0.0,1.5,0.1,0.0,0.0,0.0,0.0,0.0,0.6,0.0,0.0,0.0,0.0,0.0,0.4
716-2,NeuAc1HexNAc2,GalNAcα1-3(NeuAcα2-6)GalNAcol,0.0,0.4,0.0,1.5,0.9,0.0,0.0,0.0,0.0,0.0,0.5,0.0,0.0,0.0,0.0,0.0,0.2
733-1,Hex1HexNAc2dHex1,Gal(Fuc)GlcNAcβ1-3GalNAcol,0.0,0.1,0.0,0.0,0.0,0.0,0.1,0.0,0.0,0.0,0.0,0.0,0.0,0.0,0.0,0.0,0.0
733-2,Hex1HexNAc2dHex1,Fucα1-2Galβ1-3GlcNAcβ1-3GalNAcol,0.0,0.6,0.0,0.0,0.0,0.0,0.0,0.5,0.7,0.0,0.1,0.0,0.0,0.0,0.1,0.0,0.4
733-3,Hex1HexNAc2dHex1,Fucα1-2(GalNAcα1-3)Galβ1-3GalNAcol,0.2,6.1,0.0,0.6,0.7,2.3,0.2,1.3,1.0,0.6,0.3,4.6,0.0,6.6,0.4,0.0,0.5
733-4,Hex1HexNAc2dHex1,Fucα1-2Galβ1-4GlcNAcβ1-3GalNAcol,0.2,0.4,0.0,0.0,0.0,0.0,0.0,1.0,0.9,0.0,0.0,0.0,0.0,0.0,0.2,0.0,0.2
733-5,Hex1HexNAc2dHex1,Fucα1-2Galβ1-3(GlcNAcβ1-6)GalNAcol,0.2,1.5,1.8,1.0,2.4,2.2,0.7,1.8,2.6,1.6,3.3,1.8,9.4,1.9,4.0,7.4,1.8
749-1,Hex2HexNAc2,Galβ1-3(Galβ1-4GlcNAcβ1-6)GalNAcol,1.0,4.8,2.1,5.8,5.2,2.8,45.8,4.2,3.3,6.0,1.5,7.1,0.0,0.2,18.6,0.6,4.1
749-2,Hex2HexNAc2,Galβ1-4GlcNAcβ1-3Galβ1-3GalNAcol,0.2,0.8,5.7,0.5,0.5,0.4,2.3,0.5,0.6,1.6,0.1,3.5,0.0,0.1,0.7,0.2,0.3
790-1,Hex1HexNAc3,Galβ1-3(GalNAcβ1-4GlcNAcβ1-6)GalNAcol [e],0.1,0.1,0.0,0.1,0.0,0.8,2.7,0.2,0.8,0.0,0.0,0.8,0.0,0.0,0.7,0.1,0.1
790-2,Hex1HexNAc3,"GlcNAcα1-4Galβ1-3(GlcNAcβ1-6)GalNAcol [d, e]",0.2,0.3,0.9,0.6,1.0,0.1,0.0,0.0,0.0,0.4,0.1,1.0,0.0,0.5,0.3,0.2,0.2
813-1,Hex1HexNAc2dHex1Sul1,Fucα1-2Galβ1-3(6SGlcNAcβ1-6)GalNAcol,0.5,0.8,4.9,2.5,8.2,0.0,0.3,0.3,1.3,0.0,0.2,0.0,13.4,0.4,0.3,0.0,0.5
813-2,Hex1HexNAc2dHex1Sul1,Fucα1-2Galβ1-4(S)GlcNAcβ1-3GalNAcol,0.0,0.0,2.2,0.0,0.0,0.0,0.0,0.0,0.0,0.0,0.0,0.0,0.0,0.0,0.0,0.0,0.0
821,NeuAc1Hex1HexNAc1dHex1,Fucα1-2Galβ1-3(NeuAcα2-6)GalNAcol,0.4,0.6,0.0,2.2,2.1,0.0,0.0,0.0,0.0,0.0,1.3,0.0,0.0,0.4,0.3,0.1,1.0
829-1,Hex2HexNAc2Sul1,Galβ1-3[Galβ1-4(6S)GlcNAcβ1-6]GalNAcol,0.0,0.0,0.0,1.3,2.2,0.0,0.0,0.0,0.0,0.0,0.0,0.0,0.0,0.0,0.0,0.0,0.0
829-2,Hex2HexNAc2Sul1,Galβ1-3[(S)Galβ1-4GlcNAcβ1-6]GalNAcol,0.0,0.0,0.0,0.5,0.0,0.0,0.0,0.0,0.0,0.0,0.0,0.0,0.0,0.0,0.0,0.0,0.0
878-1,NeuAc1Hex1HexNAc2,HexNAc1-4Galβ1-3(NeuAcα2-6)GalNAcol,0.1,0.1,0.0,0.4,0.7,0.0,0.2,0.0,0.1,0.0,0.1,0.0,0.0,0.0,0.1,0.0,0.3
878-2,NeuAc1Hex1HexNAc2,NeuAcα2-3Galβ1-3(GlcNAcβ1-6)GalNAcol,0.3,2.4,0.0,4.7,0.2,0.3,0.5,0.1,0.1,0.4,4.5,0.0,0.0,0.0,0.5,0.8,1.7
878-3,NeuAc1Hex1HexNAc2,NeuAcα2-3Galβ1-4GlcNAcβ1-3GalNAcol,0.0,0.0,0.0,0.2,0.0,0.0,0.0,0.0,0.0,0.0,0.1,0.0,0.0,0.0,0.0,0.0,0.0
895-1,Hex2HexNAc2dHex1,Galβ1-3[Gal(Fuc)GlcNAcβ1-6]GalNAcol,0.1,0.3,0.3,0.3,0.3,0.0,0.7,0.3,0.0,1.9,0.9,0.0,0.0,0.5,0.5,0.4,1.0
895-2,Hex2HexNAc2dHex1,Galα1-3(Fucα1-2)Galβ1-4GlcNAcβ1-3GalNAcol,0.0,0.8,0.0,0.0,0.0,0.0,0.0,0.0,0.0,0.0,0.2,0.0,0.0,0.0,0.0,0.0,0.4
895-3,Hex2HexNAc2dHex1,Galβ1-4GlcNAcβ1-3(Fucα1-2)Galβ1-3GalNAcol,0.2,0.4,0.0,0.0,0.0,0.3,0.1,0.9,0.8,0.0,0.0,0.0,0.0,0.2,0.0,0.3,0.2
895-4,Hex2HexNAc2dHex1,Fucα1-2Galβ1-4GlcNAcβ1-3Galβ1-3GalNAcol,0.6,0.4,0.4,0.3,0.6,0.0,0.2,0.5,0.0,0.0,0.0,0.0,0.0,0.0,0.3,0.6,0.3
895-5,Hex2HexNAc2dHex1,Galβ1-3(Fucα1-2Galβ1-4GlcNAcβ1-6)GalNAcol,3.3,1.5,0.7,0.5,1.1,2.9,0.7,5.5,5.5,3.4,0.1,0.0,0.0,0.3,0.6,1.8,1.5
895-6,Hex2HexNAc2dHex1,Fucα1-2Galβ1-3(Galβ1-4GlcNAcβ1-6)GalNAcol,4.7,3.9,4.3,0.8,2.8,8.7,1.1,9.2,11.4,7.9,1.5,5.8,0.0,1.1,0.6,5.6,3.8
936-1,Hex1HexNAc3dHex1,Fucα1-2(GalNAcα1-3)Galβ1-4GlcNAcβ1-3GalNAcol,0.0,1.6,0.0,0.0,0.0,0.2,0.0,0.6,0.6,0.0,0.0,1.5,0.0,0.4,0.0,0.0,0.0
936-2,Hex1HexNAc3dHex1,Fucα1-2(GalNAcα1-3)Galβ1-3(GlcNAcβ1-6)GalNAcol,0.0,0.7,0.0,0.2,0.0,0.1,0.0,0.3,0.0,0.0,0.0,2.4,0.0,1.2,0.2,0.0,0.0
936-3,Hex1HexNAc3dHex1,GlcNAcβ1-3(Fucα1-2Galβ1-4GlcNAcβ1-6)GalNAcol,0.0,0.2,0.0,0.1,0.0,0.0,0.0,0.3,0.4,0.0,0.0,0.0,0.0,0.0,0.2,0.0,0.0
936-4,Hex1HexNAc3dHex1,Fucα1-2Galβ1-3(GalNAcβ1-4GlcNAcβ1-6)GalNAcol [e],5.6,0.0,0.0,0.0,0.0,3.7,0.3,1.1,1.6,0.0,0.2,0.0,0.0,2.5,1.2,7.9,2.4
952-1,Hex2HexNAc3,"Galβ1-3(HexNAc1-4Galβ1-4GlcNAcb1,6)GalNAcol",0.1,0.2,0.0,0.0,0.0,0.4,0.3,1.6,0.8,3.2,0.1,0.0,0.0,0.0,0.1,0.7,0.3
952-2,Hex2HexNAc3,Galβ1-4GlcNAcβ1-3(GlcNAcβ1-6)Galβ1-3GalNAcol,0.0,0.0,0.0,0.0,0.0,0.0,0.0,0.4,0.0,0.0,0.0,2.0,0.0,0.0,0.0,0.0,0.0
952-3,Hex2HexNAc3,GlcNAcα1-4Galβ1-4GlcNAcβ1-3Galβ1-3GalNAcol [e],0.2,0.6,0.0,0.5,0.7,0.4,0.2,0.0,0.0,0.0,0.0,4.7,0.0,1.0,0.1,0.0,0.2
952-4,Hex2HexNAc3,HexNAc1-4Galβ1-3Gal(Galβ1-4GlcNAcβ1-6)GalNAcol,0.1,0.3,0.7,0.2,0.4,1.4,0.2,0.0,0.0,0.0,0.1,2.1,0.0,0.0,0.0,0.0,0.2
952-5,Hex2HexNAc3,HexNAc1-3Galβ1-3(Galβ1-4GlcNAcβ1-6)GalNAcol,0.0,0.0,0.0,0.0,0.0,0.0,0.7,1.5,0.7,1.0,0.0,0.0,0.0,0.0,0.2,0.0,1.0
952-6,Hex2HexNAc3,Galβ1-3(HexNAc-Galβ1-4GlcNAcβ1-6)GalNAcol,0.0,0.0,0.0,0.0,0.0,0.3,0.0,0.0,0.0,0.0,0.0,3.0,0.0,0.0,0.0,0.0,0.0
958,NeuAc1Hex1HexNAc2Sul1,NeuAcα2-3Galβ1-3(6S-GlcNAcβ1-6)GalNAcol,0.0,0.0,0.0,1.5,0.0,0.0,0.0,0.0,0.0,0.0,0.0,0.0,0.0,0.0,0.0,0.0,0.0
966,NeuAc2Hex1HexNAc1,NeuAcα2-3Galβ1-3(NeuAcα2-6)GalNAcol,0.8,0.6,1.6,2.8,1.4,0.2,1.2,0.0,0.0,1.1,0.5,0.0,0.0,0.0,0.4,0.8,1.2
975-1,Hex2HexNAc2dHex1Sul1,Galβ1-3[Fucα1-2Galβ1-4(6S)GlcNAcβ1-6]GalNAcol,0.0,0.0,0.0,0.0,0.0,0.0,0.0,0.0,0.0,0.0,0.3,0.0,0.0,0.0,0.0,0.0,0.2
975-2,Hex2HexNAc2dHex1Sul1,Gal(Fuc)(6S)GlcNAc-Galβ1-3GalNAcol,0.0,0.0,0.0,0.1,0.2,0.0,0.0,0.0,0.0,0.0,0.0,0.0,0.0,0.0,0.0,0.0,0.0
975-3,Hex2HexNAc2dHex1Sul1,Fucα1-2Galβ1-3[Galβ1-4(6S)GlcNAcβ1-6]GalNAcol,0.0,0.0,0.0,0.3,1.5,0.0,0.0,0.0,0.0,0.0,0.0,0.0,9.6,0.0,0.0,0.0,0.0
993-1,Hex1HexNAc4,GlcNAc-Gal+GlcNAcβ1-3(GlcNAcβ1-6)GalNAcol,0.0,0.0,0.0,0.1,0.2,0.0,0.0,0.0,0.0,0.0,0.0,0.0,0.0,0.0,0.0,0.0,0.0
993-2,Hex1HexNAc4,HexNAc1-4Galβ1-3(GalNAcβ1-4GlcNAcβ1-6)GalNAcol,0.0,0.0,0.0,0.2,0.3,0.4,0.0,0.0,0.0,0.0,0.0,0.0,0.0,0.0,0.0,0.0,0.0
1016-1,Hex1HexNAc3dHex1Sul1,GalNAcα1-3(Fucα1-2)Galβ1-3(SGlcNAcβ1-6)GalNAcol,0.0,0.0,0.0,0.4,0.3,0.0,0.0,0.0,0.0,0.0,0.0,0.0,0.0,0.0,0.0,0.0,0.0
1016-2,Hex1HexNAc3dHex1Sul1,Fucα1-2Galβ1-3[GalNAcβ1-4(S)GlcNAcβ1-6]GalNAcol,0.2,0.0,0.0,0.0,0.0,0.0,0.0,0.0,0.0,0.0,0.0,0.0,0.0,0.0,0.0,0.0,0.0
1032,Hex2HexNAc3Sul1,HexNAc1-4Galβ1-3[Galβ1-4(S)GlcNAcβ1-6]GalNAcol,0.0,0.0,0.0,0.0,0.5,0.0,0.0,0.0,0.0,0.0,0.0,0.0,0.0,0.0,0.0,0.0,0.0
1040-1,NeuAc1Hex2HexNAc2,NeuAcα2-3Galβ1-3(Galβ1-4GlcNAcβ1-6)GalNAcol,1.1,0.6,1.4,9.5,0.4,1.0,2.2,0.8,0.9,2.9,0.6,0.0,12.2,0.0,1.3,0.7,1.5
1040-2,NeuAc1Hex2HexNAc2,Galβ1-3(NeuAcα2-3Galβ1-4GlcNAcβ1-6)GalNAcol,0.1,1.7,2.9,1.2,1.1,0.0,0.2,0.0,0.0,0.0,5.4,0.0,0.0,0.0,0.2,0.0,3.4
1041-1,Hex2HexNAc2dHex2,Fucα1-2Galβ1-3[Gal(Fuc)GlcNAcβ1-6]GalNAcol,0.0,0.0,0.0,0.0,0.0,0.0,0.0,0.0,0.0,0.0,0.0,0.0,0.0,0.6,0.0,0.0,0.0
1041-2,Hex2HexNAc2dHex2,Fucα1-2Galβ1-3GlcNAcβ1-3(Fucα1-2)Galβ1-3GalNAcol,1.0,0.0,0.0,0.0,0.0,0.0,0.0,0.0,0.0,0.0,0.0,0.0,0.0,0.0,0.0,0.6,0.0
1041-3,Hex2HexNAc2dHex2,Fucα1-2Galβ1-3(Fucα1-2Galβ1-3GlcNAcβ1-6)GalNAcol,0.2,0.0,0.0,0.0,0.0,0.0,0.0,0.0,0.0,0.0,0.0,0.0,0.0,0.0,0.0,0.0,0.0
1041-4,Hex2HexNAc2dHex2,Fucα1-2Galβ1-3[Gal(Fuc)GlcNAcβ1-6]GalNAcol,0.0,0.0,0.0,0.0,0.0,0.0,0.0,0.6,0.0,0.0,1.1,0.0,0.0,4.0,0.0,0.0,0.0
1041-5,Hex2HexNAc2dHex2,Fucα1-2Galβ1-3(Fucα1-2Galβ1-4GlcNAcβ1-6)GalNAcol,51.3,6.3,5.0,2.1,5.2,22.3,3.6,10.8,23.8,8.7,0.7,2.2,15.4,7.2,21.9,35.6,17.0
1057-1,Hex3HexNAc2dHex1,Galα1-3(Fucα1-2)Galβ1-3(Galβ1-4GlcNAcβ1-6)GalNAcol,0.0,0.5,0.0,0.0,0.0,0.0,0.0,0.0,0.0,0.0,0.1,0.0,0.0,0.0,0.0,0.0,0.3
1057-2,Hex3HexNAc2dHex1,Galβ1-3[Fucα1-2(Galα1-3)Galβ-GlcNAcβ1-6]GalNAcol,0.0,2.6,0.0,0.0,0.0,0.7,0.0,0.0,0.0,0.0,0.2,4.0,0.0,0.0,0.0,0.7,0.7
1057-3,Hex3HexNAc2dHex1,Fucα1-2Galβ1-3(Galα1-3Galβ-GlcNAcβ1-6)GalNAcol,0.0,0.0,0.0,0.0,0.0,1.9,0.0,0.0,0.0,0.0,0.0,2.3,0.0,0.0,0.0,1.1,0.0
1081-1,NeuAc1Hex1HexNAc3,NeuAcα2-3Galβ1-3(GalNAcβ1-4GlcNAcβ1-6)GalNAcol,0.2,0.0,0.0,0.0,0.0,0.0,0.0,0.0,0.0,0.0,0.0,0.0,0.0,0.0,0.0,0.0,0.0
1081-2,NeuAc1Hex1HexNAc3,NeuAcα2-3Gal-GlcNAcβ1-3(GlcNAcβ1-6)GalNAcol,0.0,0.0,0.0,0.0,0.0,0.0,0.0,0.0,0.0,0.0,0.0,0.0,0.0,0.0,0.0,0.0,0.2
1082,Hex1HexNAc3dHex2,GlcNAcβ1-3[Fucα1-2Gal(Fuc)GlcNAcβ1-6]GalNAcol,0.0,0.0,0.0,0.2,0.0,0.0,0.0,0.0,0.0,0.0,0.0,0.0,0.0,0.0,0.0,0.0,0.0
1098-1,Hex2HexNAc3dHex1,Fucα1-2(GalNAcα1-3)Galβ1-4GlcNAc-Galβ1-3GalNAcol,0.0,0.1,0.0,0.1,0.0,0.0,0.0,0.0,0.0,0.0,0.0,0.0,0.0,0.0,0.1,0.0,0.0
1098-2,Hex2HexNAc3dHex1,Galβ1-3[Fucα1-2(GalNAcα1-3)Galβ1-4GlcNAcβ1-6]GalNAcol,0.1,2.2,0.0,0.3,0.1,1.2,0.0,3.2,2.1,1.6,0.1,3.0,0.0,0.8,0.8,0.2,0.0
1098-3,Hex2HexNAc3dHex1,Gal(Fuc)GlcNAc-Galβ1-3(GlcNAcβ1-6)GalNAcol,0.0,0.0,0.0,0.0,0.0,0.0,0.3,0.0,0.0,0.0,0.0,0.0,0.0,0.0,0.0,0.0,0.4
1098-4,Hex2HexNAc3dHex1,Fucα1-2(GalNAcα1-3)Galβ1-3(Galβ1-4GlcNAcβ1-6)GalNAcol,0.0,3.2,0.0,0.2,0.0,0.4,0.0,0.7,0.6,0.5,0.1,4.0,0.0,0.6,0.2,0.0,0.0
1098-5,Hex2HexNAc3dHex1,GlcNAcα1-4Galβ1-3(Fucα1-2Galβ1-4GlcNAcβ1-6)GalNAcol [d],0.5,0.6,2.2,1.4,2.9,0.0,0.2,1.0,1.5,0.0,0.1,2.2,0.0,0.5,0.5,0.0,0.4
1098-6,Hex2HexNAc3dHex1,Fucα1-2Galβ1-3(HexNAc-Galβ1-4GlcNAcβ1-6)GalNAcol,0.0,0.0,2.9,0.0,0.0,0.0,0.0,0.0,0.0,1.9,0.0,0.0,0.0,3.6,0.3,0.0,0.4
1098-7,Hex2HexNAc3dHex1,Fucα1-2Galβ1-3(HexNAc-Galβ1-4GlcNAcβ1-6)GalNAcol,0.3,0.3,1.7,0.6,1.2,2.4,0.0,2.3,1.8,1.3,0.3,1.9,0.0,0.0,0.0,0.0,0.0
1114-1,Hex3HexNAc3,Gal-GlcNAcβ1-3Galβ1-3(Gal-GlcNAcβ1-6)GalNAcol,0.2,0.4,5.6,0.5,0.5,0.6,2.9,0.9,0.5,3.2,0.0,2.9,0.0,0.0,1.0,0.2,0.3
1114-2,Hex3HexNAc3,Galβ1-3(Galβ1-4GlcNAcβ1-3Galβ1-4GlcNAcβ1-6)GalNAcol,0.0,0.1,0.8,0.2,0.3,0.4,1.9,0.3,0.0,0.0,0.0,0.0,0.0,0.0,1.2,0.2,0.0
1114-3,Hex3HexNAc3,Galβ1-4GlcNAcβ1-3Galβ1-4GlcNAcβ1-3Galβ1-3GalNAcol,0.0,0.0,4.3,0.0,0.0,0.0,0.0,0.0,0.0,0.0,0.0,0.0,0.0,0.0,0.1,0.0,0.0
1120-1,NeuAc1Hex2HexNAc2Sul1,NeuAc+S+Galβ1-3(Galβ1-4GlcNAcβ1-6)GalNAcol,0.0,0.0,0.0,2.8,0.0,0.0,0.0,0.0,0.0,0.0,0.0,0.0,0.0,0.0,0.0,0.0,0.0
1120-2,NeuAc1Hex2HexNAc2Sul1,NeuAc+S+Galβ1-3(Galβ1-4GlcNAcβ1-6)GalNAcol,0.0,0.0,0.0,1.3,0.0,0.0,0.0,0.0,0.0,0.0,0.0,0.0,0.0,0.0,0.0,0.0,0.0
1121,Hex2HexNAc2dHex2Sul1,Fucα1-2Galβ1-3[Fucα1-2Galβ1-4(6S)GlcNAcβ1-6]GalNAcol,0.1,0.1,0.0,0.6,2.6,0.0,0.0,0.0,0.0,0.0,0.0,0.0,10.7,0.0,0.0,0.0,0.0
1139,Hex1HexNAc4dHex1,Fucα1-2(GalNAcα1-3)Galβ1-3(GalNAcβ1-4GlcNAcβ1-6)GalNAcol,0.0,0.5,0.0,0.0,0.0,1.0,0.0,0.0,0.0,0.0,0.0,0.0,0.0,1.1,0.0,0.0,0.0
1155-1,Hex2HexNAc4,HexNAc1-4Galβ1-3(GlcNAcα1-4Galβ1-4GlcNAcβ1-6)GalNAcol,0.7,1.0,1.4,1.8,3.1,0.3,0.4,1.2,1.1,2.1,0.1,2.2,0.0,1.0,0.3,0.6,0.6
1155-2,Hex2HexNAc4,HexNAc-Galβ1-3(GlcNAc-Galβ1-4GlcNAcβ1-6)GalNAcol,0.0,0.0,0.0,0.0,0.4,1.1,0.0,0.0,0.0,0.0,0.0,1.6,0.0,0.0,0.0,0.0,0.0
1178,Hex2HexNAc3dHex1Sul1,HexNAc1-4Galβ1-3[Fucα1-2Galβ1-4(6S)GlcNAcβ1-6]GalNAcol,0.0,0.0,0.0,0.0,0.2,0.0,0.0,0.0,0.0,0.0,0.0,0.0,0.0,0.0,0.0,0.0,0.0
1186-1,NeuAc1Hex2HexNAc2dHex1,Galβ1-3[NeuAcα2-3Galβ1-4(Fucα1-3)GlcNAcβ1-6]GalNAcol,0.0,2.9,0.0,0.0,0.2,0.4,1.0,0.0,0.0,0.8,5.5,0.0,0.0,0.0,0.3,0.6,3.5
1186-2,NeuAc1Hex2HexNAc2dHex1,Galβ1-3[NeuAcα2-3Galβ1-3(Fucα1-4)GlcNAcβ1-6]GalNAcol,0.4,0.0,0.0,0.1,0.0,0.0,0.0,0.0,0.0,0.0,0.0,0.0,0.0,0.0,0.0,0.0,0.9
1186-3,NeuAc1Hex2HexNAc2dHex1,NeuAcα2-3Galβ1-3(Fucα1-2Galβ1-4GlcNAcβ1-6)GalNAcol,2.1,0.3,0.0,0.3,0.3,0.9,0.4,0.7,1.2,1.0,0.0,0.0,0.0,0.0,1.7,0.3,0.8
1186-4,NeuAc1Hex2HexNAc2dHex1,Fucα1-2Galβ1-3(NeuAcα2-3Galβ1-4GlcNAcβ1-6)GalNAcol,0.3,0.6,0.0,0.0,0.5,0.0,0.1,0.3,1.0,0.3,0.8,0.0,0.0,0.0,0.7,0.0,1.9
1187,Hex2HexNAc2dHex3,Fucα1-2Galβ1-3[Fucα1-2Gal(Fuc)GlcNAcβ1-6]GalNAcol,0.0,0.0,0.0,0.0,0.0,0.0,0.0,0.2,0.0,0.0,0.0,0.0,0.0,3.9,0.0,0.0,0.0
1203-1,Hex3HexNAc2dHex2,Galβ1-3[Galα1-3(Fucα1-2)Galβ1-4(Fucα1-3)GlcNAcβ1-6]GalNAcol,0.0,0.1,0.0,0.0,0.0,0.0,0.0,0.0,0.0,0.0,0.1,0.0,0.0,0.0,0.0,0.0,0.2
1203-2,Hex3HexNAc2dHex2,Galα1-3(Fucα1-2)Galβ1-3[Galβ1-4(Fucα1-3)GlcNAcβ1-6]GalNAcol,0.0,0.2,0.0,0.0,0.0,0.0,0.2,0.0,0.0,0.0,0.1,0.0,0.0,0.1,0.1,0.2,0.3
1203-3,Hex3HexNAc2dHex2,Galα1-3(Fucα1-2)Gal(Fuc)GlcNAc-Galβ1-3GalNAcol,0.0,0.4,0.0,0.0,0.0,0.0,0.0,0.0,0.0,0.0,0.1,0.0,0.0,0.0,0.0,0.0,0.3
1203-4,Hex3HexNAc2dHex2,Galα1-3(Fucα1-2)Galβ1-3(Fucα1-2Galβ1-4GlcNAcβ1-6)GalNAcol,0.2,0.0,0.0,0.0,0.0,0.0,0.0,0.0,0.0,0.0,0.0,0.0,0.0,0.0,0.0,0.0,0.0
1203-5,Hex3HexNAc2dHex2,Fucα1-2Galβ1-3[Galα1-3(Fucα1-2)Galβ1-4GlcNAcβ1-6]GalNAcol,0.0,2.8,0.0,0.0,0.0,6.3,0.0,0.0,0.0,0.0,2.4,3.2,0.0,2.2,0.4,14.1,2.0
1235-1,Hex2HexNAc4Sul1,Galβ1-4GlcNAcβ1-3Galβ1-3[GalNAcβ1-4(6S)GlcNAcβ1-6]GalNAcol,0.0,0.0,0.0,0.0,0.3,0.0,0.0,0.0,0.0,0.0,0.0,0.0,0.0,0.0,0.0,0.0,0.0
1235-2,Hex2HexNAc4Sul1,GlcNAcβ1-3[HexNAc-Galβ1-4(6S)GlcNAcβ1-6]GalNAcol,0.0,0.0,0.0,0.0,0.4,0.0,0.0,0.0,0.0,0.0,0.0,0.0,0.0,0.0,0.0,0.0,0.0
1243-1,NeuAc1Hex2HexNAc3,NeuAcα2-3Galβ1-3[HexNAc1-4Galβ1-4GlcNAcβ1-6]GalNAcol,0.9,0.0,0.0,0.0,0.0,1.0,0.9,1.2,0.7,2.6,0.1,0.0,0.0,0.0,0.9,1.7,0.3
1243-2,NeuAc1Hex2HexNAc3,NeuAcα2-3Galβ1-4GlcNAcβ1-3(Galβ1-4GlcNAcβ1-6)GalNAcol,0.0,0.0,0.0,0.0,0.0,0.0,0.0,0.0,0.0,0.0,0.0,0.0,0.0,0.0,0.0,0.0,0.2
1244-1,Hex2HexNAc3dHex2,Galβ1-3[GalNAcα1-3(Fucα1-2)Gal(Fuc)GlcNAcβ1-6]GalNAcol,0.0,0.0,0.0,0.0,0.0,0.0,0.0,0.0,0.0,0.0,0.0,0.0,0.0,0.4,0.0,0.0,0.0
1244-2,Hex2HexNAc3dHex2,GalNAcα1-3(Fucα1-2)Galβ1-4GlcNAc(Fucα1-2)Galβ1-3GalNAcol,0.0,0.0,0.0,0.0,0.0,0.0,0.0,0.0,0.0,0.0,0.0,0.0,0.0,0.6,0.0,0.0,0.0
1244-3,Hex2HexNAc3dHex2,GalNAcα1-3(Fucα1-2)Galβ1-3[Gal(Fuc)GlcNAcβ1-6]GalNAcol,0.0,0.0,0.0,0.0,0.0,0.0,0.0,0.0,0.0,0.0,0.0,0.0,0.0,2.3,0.0,0.0,0.0
1244-4,Hex2HexNAc3dHex2,HexNAc1-4Galβ1-3[Fucα1-2Gal(Fuc)GlcNAcβ1-6]GalNAcol,0.0,0.0,0.0,0.0,0.0,0.0,0.0,0.0,0.0,0.0,0.0,0.0,0.0,0.4,0.0,0.0,0.0
1244-5,Hex2HexNAc3dHex2,GalNAcα1-3(Fucα1-2)Galβ1-3(Fucα1-2Galβ1-4GlcNAcβ1-6)GalNAcol,0.0,0.4,0.0,0.0,0.0,0.0,0.1,0.8,0.9,0.0,0.0,0.0,0.0,0.6,0.5,0.4,0.0
1244-6,Hex2HexNAc3dHex2,Fucα1-2Galβ1-3[GalNAcα1-3(Fucα1-2)Galβ1-4GlcNAcβ1-6]GalNAcol,0.1,2.3,0.0,0.3,0.7,8.6,0.6,6.0,7.7,0.0,0.3,2.2,0.0,20.9,3.9,1.0,0.0
1244-7,Hex2HexNAc3dHex2,Fucα1-2Galβ1-3[GalNAcα1-3(Fucα1-2)Galβ1-3GlcNAcβ1-6]GalNAcol,0.0,0.0,0.0,0.0,0.0,0.0,0.0,0.2,1.2,3.4,0.0,0.0,0.0,0.0,0.0,0.0,0.0
1260-1,Hex3HexNAc3dHex1,Gal(Fuc)GlcNAc-Galβ1-3(Galβ1-4GlcNAcβ1-6)GalNAcol,0.1,0.0,0.0,0.0,0.0,0.0,0.4,0.6,0.0,0.0,0.0,0.0,0.0,0.3,0.1,0.4,0.1
1260-2,Hex3HexNAc3dHex1,Gal(Fuc)GlcNAc-Galβ1-3(Galβ1-4GlcNAcβ1-6)GalNAcol,0.0,0.0,0.0,0.0,0.0,0.0,0.5,0.0,0.0,0.6,0.0,0.0,0.0,0.0,0.0,0.0,0.3
1260-3,Hex3HexNAc3dHex1,HexNAc1-4Galβ1-3[Galα1-3(Fucα1-2)Galβ1-4GlcNAcβ1-6]GalNAcol,0.0,0.0,0.0,0.0,0.0,0.0,0.0,0.0,0.0,0.0,0.0,1.5,0.0,0.0,0.0,0.0,0.0
1260-4,Hex3HexNAc3dHex1,Galβ1-3[Fuc(Gal)GlcNAc-Galβ1-4GlcNAcβ1-6]GalNAcol,0.0,0.0,0.0,0.0,0.2,0.0,0.0,0.7,0.0,0.0,0.0,0.0,0.0,0.0,0.1,0.2,0.0
1260-5,Hex3HexNAc3dHex1,Gal-GlcNAc-Galβ1-3(Fucα1-2Galβ1-4GlcNAcβ1-6)GalNAcol,0.3,0.0,0.0,0.0,0.0,0.4,0.0,0.0,0.0,0.0,0.0,0.0,0.0,0.0,0.1,0.0,0.0
1260-6,Hex3HexNAc3dHex1,Galβ1-3(Fucα1-2Gal-GlcNAc-Galβ1-4GlcNAcβ1-6)GalNAcol,0.1,0.0,0.0,0.0,0.0,0.5,0.0,0.3,0.0,0.0,0.0,0.0,0.0,0.0,0.0,0.0,0.0
1260-7,Hex3HexNAc3dHex1,Fucα1-2Galβ1-4GlcNAcβ1-3Galβ1-4GlcNAcβ1-3Galβ1-3GalNAcol,0.1,0.0,0.0,0.0,0.0,0.0,0.0,0.0,0.0,0.0,0.0,0.0,0.0,0.0,0.0,0.0,0.0
1266-1,NeuAc1Hex2HexNAc2dHex1Sul1,NeuAc+Fuc+Galβ1-3[Galβ1-4(6S)GlcNAcβ1-6]GalNAcol,0.0,0.0,0.0,1.1,0.0,0.0,0.0,0.0,0.0,0.0,0.1,0.0,0.0,0.0,0.0,0.0,0.0
1266-2,NeuAc1Hex2HexNAc2dHex1Sul1,NeuAc+Fuc+Galβ1-3[Galβ1-4(6S)GlcNAcβ1-6]GalNAcol,0.0,0.0,0.0,0.7,0.0,0.0,0.0,0.0,0.0,0.0,0.6,0.0,0.0,0.0,0.0,0.0,0.3
1301-1,Hex2HexNAc4dHex1,Gal(Fuc)GlcNAcβ1-3(HexNAc-Gal-GlcNAcβ1-6)GalNAcol,0.0,0.0,0.4,0.0,0.6,0.0,0.0,0.0,0.0,0.0,0.0,0.0,0.0,0.0,0.0,0.0,0.0
1301-2,Hex2HexNAc4dHex1,HexNAc-Galβ1-3[GalNAcα1-3(Fucα1-2)Galβ1-4GlcNAcβ1-6]GalNAcol,0.0,0.0,0.0,0.0,0.0,0.7,0.0,0.3,0.0,0.0,0.0,0.0,0.0,0.0,0.0,0.0,0.0
1301-3,Hex2HexNAc4dHex1,HexNAc-Galβ1-3[GalNAcα1-3(Fucα1-2)Galβ1-4GlcNAcβ1-6]GalNAcol,0.2,0.5,0.0,0.7,1.1,0.0,0.1,0.4,0.6,0.0,0.0,0.0,0.0,0.0,0.1,0.0,0.2
1301-4,Hex2HexNAc4dHex1,GalNAcα1-3(Fucα1-2)Galβ1-3(HexNAc-Galβ1-4GlcNAcβ1-6)GalNAcol,0.0,0.0,0.0,0.0,0.2,1.2,0.0,0.7,0.0,0.0,0.0,0.0,0.0,1.4,0.0,0.0,0.0
1301-5,Hex2HexNAc4dHex1,GalNAcα1-3(Fucα1-2)Galβ1-3(HexNAc-Galβ1-4GlcNAcβ1-6)GalNAcol,0.0,0.0,0.0,0.0,0.0,0.0,0.0,0.5,0.0,0.0,0.0,0.0,0.0,0.0,0.0,0.0,0.0
1317-1,Hex3HexNAc4,"HexNAc-Galβ1-4GlcNAcβ1-3Galb1,3(Galβ1-4GlcNAcb1,6)GalNAcol",0.0,0.0,0.0,0.0,0.3,0.0,0.0,0.7,0.0,0.0,0.0,1.0,0.0,0.3,0.0,0.0,0.0
1317-2,Hex3HexNAc4,Galβ1-3(HexNAc-Galβ1-4GlcNAcβ1-3Galβ1-4GlcNAcβ1-6)GalNAcol,0.0,0.0,0.0,0.0,0.3,0.4,0.0,0.7,0.0,2.3,0.0,2.3,0.0,0.0,0.0,0.0,0.0
1317-3,Hex3HexNAc4,Galβ1-4GlcNAcβ1-3(GlcNAcβ1-6)Galβ1-3(Galβ1-4GlcNAcβ1-6)GalNAcol,0.0,0.0,0.0,0.0,0.0,0.0,0.0,0.0,0.0,0.0,0.0,1.9,0.0,0.0,0.0,0.0,0.0
1317-4,Hex3HexNAc4,Gal-GlcNAcβ1-3(Gal-GlcNAc-Gal-GlcNAcβ1-6)GalNAcol,0.0,0.0,0.0,0.0,0.0,0.0,0.1,0.0,0.0,0.0,0.0,0.0,0.0,0.0,0.0,0.0,0.0
1331,NeuAc2Hex2HexNAc2,NeuAcα2-3Galβ1-3(NeuAcα2-3Galβ1-4GlcNAcβ1-6)GalNAcol,0.2,0.0,13.2,5.5,0.0,0.0,0.5,0.0,1.8,0.8,1.4,0.0,9.4,0.0,0.2,0.0,3.4
1332-1,NeuAc1Hex2HexNAc2dHex2,Fucα1-2Galβ1-3[NeuAcα2-3Gal(Fuc)GlcNAcβ1-6]GalNAcol,0.0,0.0,0.0,0.0,0.0,0.0,0.0,0.0,0.0,0.0,0.0,0.0,0.0,0.0,0.0,0.0,0.1
1332-2,NeuAc1Hex2HexNAc2dHex2,NeuAcα2-3Galβ1-3[Fucα1-2Gal-(Fuc)GlcNAcβ1-6]GalNAcol,0.1,0.0,0.0,0.0,0.0,0.0,0.0,0.0,0.0,0.0,0.0,0.0,0.0,0.0,0.0,0.0,0.2
1332-3,NeuAc1Hex2HexNAc2dHex2,Fucα1-2Galβ1-3[NeuAcα2-3Gal(Fuc)GlcNAcβ1-6]GalNAcol,0.1,1.9,0.0,0.0,1.1,0.0,0.0,0.0,0.0,0.0,4.5,0.0,0.0,0.0,0.0,0.0,1.3
1340-1,Hex3HexNAc3dHex1Sul1,Fucα1-2Galβ1-3[Galβ1-4GlcNAcβ1-3Galβ1-4(6S)GlcNAcβ1-6]GalNAcol,0.0,0.0,0.0,0.0,0.3,0.0,0.0,0.0,0.0,0.0,0.0,0.0,0.0,0.0,0.0,0.0,0.0
1340-2,Hex3HexNAc3dHex1Sul1,Galβ1-3[Fucα1-2Galβ1-4GlcNAcβ1-3Galβ1-4(6S)GlcNAcβ1-6]GalNAcol,0.0,0.0,0.0,0.0,0.3,0.0,0.0,0.0,0.0,0.0,0.0,0.0,0.0,0.0,0.0,0.0,0.0
1348,NeuAc1Hex3HexNAc2dHex1,Galα1-3(Fucα1-2)Galβ1-3(NeuAcα2-3Galβ1-4GlcNAcβ1-6)GalNAcol,0.0,0.0,0.0,0.0,0.0,0.0,0.0,0.0,0.0,0.0,0.1,0.0,0.0,0.0,0.0,0.0,0.3
1349,Hex3HexNAc2dHex3,Fucα1-2Galβ1-3[Galα1-3(Fucα1-2)Gal(Fuc)GlcNAcβ1-6]GalNAcol,0.0,0.0,0.0,0.0,0.0,0.0,0.0,0.0,0.0,0.0,0.1,0.0,0.0,0.0,0.0,0.0,0.2
1365,Hex4HexNAc2dHex2,Galα1-3(Fucα1-2)Galβ1-3[Galα1-3(Fucα1-2)Galβ1-4GlcNAcβ1-6]GalNAcol,0.0,0.6,0.0,0.0,0.0,0.0,0.0,0.0,0.0,0.0,0.3,0.0,0.0,0.0,0.0,0.0,0.6
1389-1,NeuAc1Hex2HexNAc3dHex1,NeuAcα2-3Galβ1-3[GalNAcα1-3(Fucα1-2)Galβ1-4GlcNAcβ1-6]GalNAcol,0.0,0.0,0.0,0.0,0.0,0.0,0.1,0.0,0.4,0.0,0.0,0.0,0.0,0.0,0.2,0.0,0.0
1389-2,NeuAc1Hex2HexNAc3dHex1,GlcNAcα1-4Galβ1-3[NeuAcα2-3Gal(Fuc)GlcNAcβ1-6]GalNAcol,0.0,0.0,0.0,0.0,0.0,0.0,0.0,0.0,0.0,0.0,0.1,0.0,0.0,0.0,0.0,0.0,0.1
1389-3,NeuAc1Hex2HexNAc3dHex1,Fucα1-2Galβ1-4GlcNAcβ1-3(NeuAcα2-3Galβ1-4GlcNAcβ1-6)GalNAcol,0.0,0.0,0.0,0.0,0.0,0.0,0.0,0.0,0.0,0.0,0.0,0.0,0.0,0.0,0.0,0.0,0.3
1390,Hex2HexNAc3dHex3,GalNAcα1-3(Fucα1-2)Galβ1-3[Fucα1-2Gal(Fuc)GlcNAcβ1-6]GalNAcol,0.0,0.0,0.0,0.0,0.0,0.0,0.0,0.0,0.0,0.0,0.0,0.0,0.0,1.2,0.0,0.0,0.0
1397,Hex3HexNAc4Sul1,HexNAc1-4Galβ1-3[Galβ1-4GlcNAcβ1-3Galβ1-4(6S)GlcNAcβ1-6]GalNAcol,0.0,0.0,0.0,0.0,0.6,0.0,0.0,0.0,0.0,0.0,0.0,0.0,0.0,0.0,0.0,0.0,0.0
1405,NeuAc1Hex3HexNAc3,NeuAcα2-3Galβ1-3[Galβ1-4GlcNAcβ1-3Galβ1-4GlcNAcβ1-6]GalNAcol,0.0,0.0,0.0,0.6,0.0,0.0,0.2,0.0,0.0,0.0,0.0,0.0,0.0,0.0,0.0,0.0,0.0
1406-1,Hex3HexNAc3dHex2,Gal(Fuc)GlcNAcβ1-3Galβ1-3[Gal(Fuc)GlcNAcβ1-6]GalNAcol,0.0,0.0,0.0,0.0,0.0,0.0,0.0,0.0,0.0,0.0,0.0,0.0,0.0,0.8,0.0,0.7,0.0
1406-2,Hex3HexNAc3dHex2,GalNAcα1-3(Fucα1-2)Galβ1-3[Galα1-3(Fucα1-2)Galβ1-4GlcNAcβ1-6]GalNAcol,0.0,2.5,0.0,0.0,0.0,0.0,0.0,0.0,0.0,0.0,0.2,2.4,0.0,1.3,0.0,0.0,0.3
1406-3,Hex3HexNAc3dHex2,Galα1-3(Fucα1-2)Galβ1-3[GalNAcα1-3(Fucα1-2)Gal-GlcNAcβ1-6]GalNAcol,0.0,0.0,0.0,0.0,0.0,0.0,0.0,0.0,0.0,0.0,0.0,0.0,0.0,0.0,0.0,0.0,0.2
1406-4,Hex3HexNAc3dHex2,Fucα1-2Galβ1-4GlcNAcβ1-3Galβ1-3[Gal(Fuc)GlcNAcβ1-6]GalNAcol,0.0,0.1,0.0,0.0,0.1,0.3,0.0,0.6,0.3,0.0,0.0,0.0,0.0,0.0,0.0,0.0,0.0
1406-5,Hex3HexNAc3dHex2,Fucα1-2Gal-GlcNAc-Galβ1-3(Fucα1-2Gal-GlcNAcβ1-6)GalNAcol,0.0,0.0,0.0,0.0,0.0,0.0,0.0,0.0,0.0,0.0,0.0,0.0,0.0,0.0,0.0,0.5,0.0
1406-6,Hex3HexNAc3dHex2,Fucα1-2Gal(Fuc)GlcNAc-Galβ1-3(Gal-GlcNAcβ1-6)GalNAcol,0.0,0.0,0.0,0.0,0.0,0.0,0.0,0.0,0.0,0.0,0.0,0.0,0.0,0.0,0.0,0.5,0.0
1406-7,Hex3HexNAc3dHex2,Fucα1-2Galβ1-4GlcNAcβ1-3Galβ1-3[Gal(Fuc)GlcNAcβ1-6]GalNAcol,0.0,0.0,0.0,0.0,0.0,0.0,0.0,0.0,0.0,0.0,0.0,0.0,0.0,0.0,1.8,0.0,0.0
1406-8,Hex3HexNAc3dHex2,Fucα1-2Galβ1-3(Fucα1-2Galβ1-4GlcNAcβ1-3Galβ1-4GlcNAcβ1-6)GalNAcol,0.0,0.0,0.0,0.0,0.0,0.0,0.0,0.0,0.5,0.0,0.0,0.0,0.0,0.0,0.2,0.5,0.0
1406-9,Hex3HexNAc3dHex2,Fucα1-2Galβ1-4GlcNAcβ1-3(Fucα1-2Galβ1-4GlcNAcβ1-6)Galβ1-3GalNAcol,0.0,0.1,0.0,0.0,0.4,0.6,0.0,0.5,0.9,0.8,0.0,0.0,0.0,0.0,0.6,0.0,0.3
1411,NeuAc2Hex2HexNAc2Sul1,NeuAcα2-3Galβ1-3[NeuAcα2-3Galβ1-4(6S)GlcNAcβ1-6]GalNAcol,0.0,0.0,0.0,1.1,0.0,0.0,0.0,0.0,0.0,0.0,0.0,0.0,0.0,0.0,0.0,0.0,0.0
1412,NeuAc1Hex2HexNAc2dHex2Sul1,Fucα1-2Gaβ1-3[NeuAcα2-3Gal(Fuc)(6S)GlcNAcβ1-6]GalNAcol,0.0,0.0,0.0,0.0,0.0,0.0,0.0,0.0,0.0,0.0,0.2,0.0,0.0,0.0,0.0,0.0,0.0
1447,Hex2HexNAc4dHex2,"GalNAcα1,3(Fucα1,2)Galβ1,3[GalNAcα1,3(Fucα1,2)Galβ1,4GlcNAcβ1,6]GalNAcol",0.0,1.5,0.0,0.2,0.4,3.8,0.1,1.6,1.1,0.4,0.0,1.2,0.0,7.4,0.3,0.0,0.0
1463-1,Hex3HexNAc4dHex1,Gal(Fuc)GlcNAcβ1-3Galβ1-3[HexNAc1-4Galβ1-4GlcNAcβ1-6]GalNAcol,0.0,0.6,0.0,0.0,0.3,0.0,0.0,0.6,0.0,0.7,0.0,0.0,0.0,0.6,0.0,0.7,0.0
1463-2,Hex3HexNAc4dHex1,HexNAc1-4Galβ1-3(Fucα1-2Galβ1-4GlcNAcβ1-3Galβ1-4GlcNAcβ1-6)GalNAcol,0.0,0.0,0.0,0.0,0.4,0.0,0.0,0.0,0.0,0.0,0.0,0.0,0.0,0.0,0.0,0.0,0.0
1477-1,NeuAc2Hex2HexNAc2dHex1,NeuAcα2-3Galβ1-3[NeuAcα2-3Galβ1-4(Fucα1-3)GlcNAcβ1-6]GalNAcol,0.0,3.1,0.0,0.0,0.0,0.0,0.0,0.0,0.0,0.0,12.2,0.0,0.0,0.0,0.0,0.0,4.1
1477-2,NeuAc2Hex2HexNAc2dHex1,NeuAcα2-3Galβ1-3[NeuAcα2-3Galβ1-3(Fucα1-4)GlcNAcβ1-6]GalNAcol,0.0,0.0,0.0,1.1,0.4,0.0,0.0,0.0,0.0,0.0,0.0,0.0,0.0,0.0,0.0,0.0,0.0
1479-1,Hex4HexNAc4,Galβ1-4GlcNAcβ1-3(Galβ1-4GlcNAcβ1-6)Galβ1-3(Galβ1-4GlcNAcβ1-6)GalNAcol,0.0,0.0,2.1,1.0,0.9,0.0,1.0,0.5,0.0,0.8,0.0,0.0,0.0,0.0,0.5,0.1,0.0
1479-2,Hex4HexNAc4,Galβ1-4GlcNAcβ1-3Galβ1-3(Galβ1-4GlcNAcβ1-3Galβ1-4GlcNAcβ1-6)GalNAcol,0.0,0.0,3.6,0.5,0.5,0.0,0.8,0.0,0.0,0.0,0.0,0.0,0.0,0.0,0.4,0.0,0.0
1479-3,Hex4HexNAc4,Galβ1-3(Galβ1-4GlcNAcβ1-3Galβ1-4GlcNAcβ1-3Galβ1-4GlcNAcβ1-6)GalNAcol,0.0,0.0,0.0,0.0,0.0,0.0,1.3,0.0,0.0,0.0,0.0,0.0,0.0,0.0,0.6,0.0,0.0
1479-4,Hex4HexNAc4,Galβ1-4GlcNAcβ1-3Galβ1-4GlcNAcβ1-3Galβ1-4GlcNAcβ1-3Galβ1-3GalNAcol,0.0,0.0,8.5,0.0,0.0,0.0,0.4,0.0,0.0,0.0,0.0,0.0,0.0,0.0,0.1,0.0,0.0
1494,NeuAc1Hex3HexNAc2dHex2,Galα1-3(Fucα1-2)Galβ1-3[NeuAcα2-3Gal(Fuc)GlcNAcβ1-6]GalNAcol,0.0,0.0,0.0,0.0,0.0,0.0,0.0,0.0,0.0,0.0,0.2,0.0,0.0,0.0,0.0,0.0,0.2
1511,Hex4HexNAc2dHex3,Galα1-3(Fucα1-2)Galβ1-3[Galα1-3(Fucα1-2)Gal(Fuc)GlcNAcβ1-6]GalNAcol,0.0,0.0,0.0,0.0,0.0,0.0,0.0,0.0,0.0,0.0,0.1,0.0,0.0,0.0,0.0,0.0,0.2
1520-1,Hex3HexNAc5,HexNAc1-4Galβ1-3(HexNAc1-4Gal-GlcNAc-Gal-GlcNAcβ1-6)GalNAcol,0.0,0.0,0.0,0.0,0.0,0.0,0.0,1.4,0.0,0.0,0.0,0.0,0.0,0.6,0.0,0.5,0.0
1520-2,Hex3HexNAc5,HexNAc1-4Gal-GlcNAc-Galβ1-3(HexNAc1-4Gal-GlcNAcβ1-6)GalNAcol,0.0,0.0,0.0,0.0,0.0,0.0,0.5,0.5,0.0,0.0,0.0,0.0,0.0,0.7,0.0,0.1,0.0
1534,NeuAc2Hex2HexNAc3,NeuAcα2-3Galβ1-4GlcNAcβ1-3(NeuAcα2-3Galβ1-4GlcNAcβ1-6)GalNAcol,0.0,0.0,0.0,0.0,0.0,0.0,0.0,0.0,0.0,0.0,0.0,0.0,0.0,0.0,0.0,0.0,0.1
1535,NeuAc1Hex2HexNAc3dHex2,NeuAcα2-3Galβ1-3[GalNAcα1-3(Fucα1-2)Gal(Fuc)GlcNAcβ1-6]GalNAcol,0.0,0.0,0.0,0.0,0.0,0.0,0.0,0.0,0.0,0.0,0.1,0.0,0.0,0.0,0.0,0.0,0.1
1543,Hex3HexNAc4dHex1Sul1,HexNAc1-4Galβ1-3[Fucα1-2Galβ1-4GlcNAcβ1-3Galβ1-4(6S)GlcNAcβ1-6]GalNAcol,0.0,0.0,0.0,0.0,0.5,0.0,0.0,0.0,0.0,0.0,0.0,0.0,0.0,0.0,0.0,0.0,0.0
1551-1,NeuAc1Hex3HexNAc3dHex1,Gal(Fuc)GlcNAc-Galβ1-3(NeuAcα2-3Galβ1-4GlcNAcβ1-6)GalNAcol,0.0,0.0,0.0,0.0,0.0,0.0,0.0,0.0,0.0,0.0,0.0,0.0,0.0,0.0,0.0,0.0,0.1
1551-2,NeuAc1Hex3HexNAc3dHex1,NeuAcα2-3Galβ1-3(Fucα1-2Gal-GlcNAc-Gal-GlcNAcβ1-6)GalNAcol,0.2,0.0,0.0,0.0,0.0,0.0,0.0,0.0,0.0,0.0,0.0,0.0,0.0,0.0,0.0,0.0,0.3
1552-1,Hex3HexNAc3dHex3,Fucα1-2Galβ1-3[Fuc(Gal)GlcNAc-Gal(Fuc)GlcNAcβ1-6]GalNAcol,0.0,0.0,0.0,0.0,0.0,0.0,0.0,0.0,0.0,0.0,0.0,0.0,0.0,0.5,0.0,0.0,0.0
1552-2,Hex3HexNAc3dHex3,Fucα1-2(GalNAcα1-3)Galβ1-3[Fucα1-2(Galα1-3)Gal(Fuc)GlcNAcβ1-6]GalNAcol,0.0,0.5,0.0,0.0,0.0,0.0,0.0,0.0,0.0,0.0,0.0,0.0,0.0,0.0,0.0,0.0,0.0
1552-3,Hex3HexNAc3dHex3,Fuc(Gal)GlcNAcβ1-3Galβ1-3[Fucα1-2Gal(Fuc)GlcNAcβ1-6]GalNAcol,0.0,0.0,0.0,0.0,0.0,0.0,0.0,0.0,0.0,0.0,0.0,0.0,0.0,0.4,0.0,0.0,0.0
1552-4,Hex3HexNAc3dHex3,Fucα1-2Galβ1-4GlcNAcβ1-3(Fucα1-2)Galβ1-3(Fucα1-2Galβ1-4GlcNAcβ1-6)GalNAcol,0.7,0.0,0.0,0.0,0.0,0.0,0.0,0.0,0.0,0.0,0.0,0.0,0.0,0.0,0.0,0.0,0.0
1552-5,Hex3HexNAc3dHex3,Fucα1-2Galβ1-3[Fucα1-2Galβ1-4GlcNAcβ1-3(Fucα1-2)Galβ1-4GlcNAcβ1-6]GalNAcol,1.4,0.0,0.0,0.0,0.0,1.0,0.0,0.0,0.0,0.0,0.0,0.0,0.0,0.0,0.0,0.1,0.6
1557,NeuAc2Hex2HexNAc2dHex1Sul1,NeuAcα2-3Galβ1-3[NeuAcα2-3Galβ1-4(Fucα1-3)(6S)GlcNAcβ1-6]GalNAcol,0.0,0.0,0.0,0.8,0.0,0.0,0.0,0.0,0.0,0.0,0.0,0.0,0.0,0.0,0.0,0.0,0.0
1559,Hex4HexNAc4Sul1,Galβ1-3[Gal-GlcNAc-Gal-GlcNAc-Gal-(6S)GlcNAcβ1-6]GalNAcol,0.0,0.0,0.0,0.0,0.4,0.0,0.0,0.0,0.0,0.0,0.0,0.0,0.0,0.0,0.0,0.0,0.0
1568-1,Hex4HexNAc3dHex2,Fucα1-2Gal-GlcNAcβ1-3Galβ1-3[Galα1-3(Fucα1-2)Galβ1-4GlcNAcβ1-6]GalNAcol,0.0,0.0,0.0,0.0,0.0,0.0,0.0,0.0,0.0,0.0,0.0,0.0,0.0,0.0,0.0,0.0,0.3
1568-2,Hex4HexNAc3dHex2,Fucα1-2Gal-GlcNAcβ1-3Galβ1-3[Galα1-3(Fucα1-2)Galβ1-4GlcNAcβ1-6]GalNAcol,0.0,0.0,0.0,0.0,0.0,0.0,0.0,0.0,0.0,0.0,0.0,0.0,0.0,0.0,0.0,0.0,0.2
1568-3,Hex4HexNAc3dHex2,Galα1-3(Fucα1-2)Galβ1-3[Fucα1-2Gal-GlcNAc-Gal-GlcNAcβ1-6]GalNAcol,0.0,0.0,0.0,0.0,0.0,0.0,0.0,0.0,0.0,0.0,0.0,0.0,0.0,0.0,0.0,0.1,0.0
1593,Hex2HexNAc4dHex3,GalNAcα1-3(Fucα1-2)Galβ1-3[GalNAcα1-3(Fucα1-2)Gal(Fuc)GlcNAcβ1-6]GalNAcol,0.0,0.0,0.0,0.0,0.0,0.0,0.0,0.0,0.0,0.0,0.0,0.0,0.0,3.3,0.0,0.0,0.0
1609-1,Hex3HexNAc4dHex2,Gal(Fuc)GlcNAcβ1-3[Gal(Fuc)GlcNAcβ1-6]Galβ1-3(GlcNAcβ1-6)GalNAcol,0.0,0.0,0.0,0.0,0.0,0.0,0.0,0.0,0.0,0.0,0.0,0.0,0.0,0.0,0.0,0.4,0.0
1609-2,Hex3HexNAc4dHex2,Gal(Fuc)GlcNAcβ1-3(Fucα1-2Galβ1-4GlcNAcβ1-6)Galβ1-3(GlcNAcβ1-6)GalNAcol,0.0,0.0,0.0,0.0,0.0,0.0,0.0,0.0,0.0,0.0,0.0,0.0,0.0,0.0,0.2,0.0,0.0
1609-3,Hex3HexNAc4dHex2,HexNAc-Galβ1-3[Fucα1-2Gal(Fuc)GlcNAc-Gal-GlcNAcβ1-6]GalNAcol,0.0,0.0,0.0,0.0,0.0,0.0,0.0,0.0,0.0,0.0,0.0,0.0,0.0,0.5,0.0,0.0,0.0
1609-4,Hex3HexNAc4dHex2,Gal(Fuc)GlcNAcβ1-3(Fucα1-2Galβ1-4GlcNAcβ1-6)Galβ1-3(GlcNAcβ1-6)GalNAcol,0.0,0.0,0.0,0.0,0.0,0.0,0.0,0.0,0.0,0.0,0.0,0.0,0.0,0.0,0.2,0.0,0.0
1609-5,Hex3HexNAc4dHex2,GalNAcα1-3(Fucα1-2)Gal-GlcNAc-Galβ1-3(Fucα1-2Galβ1-4GlcNAcβ1-6)GalNAcol,0.0,0.0,0.0,0.0,0.0,0.0,0.0,0.0,0.0,0.0,0.0,0.0,0.0,0.3,0.1,0.0,0.0
1609-6,Hex3HexNAc4dHex2,GalNAcα1-3(Fucα1-2)Galβ1-3(Fucα1-2Gal-GlcNAc-Gal-GlcNAcβ1-6)GalNAcol,0.0,0.0,0.0,0.0,0.0,0.0,0.0,0.0,0.0,0.0,0.0,0.0,0.0,0.0,0.3,0.0,0.0
1609-7,Hex3HexNAc4dHex2,Fucα1-2Gal-GlcNAc-Galβ1-3[GalNAcα1-3(Fucα1-2)Galβ1-4GlcNAcβ1-6]GalNAcol,0.0,0.0,0.0,0.0,0.0,0.0,0.0,0.0,0.0,0.0,0.0,0.0,0.0,0.0,0.3,0.0,0.0
1625-1,Hex4HexNAc4dHex1,Gal-GlcNAc-Galβ1-3[Gal(Fuc)GlcNAc-Gal-GlcNAcβ1-6]GalNAcol,0.0,0.0,0.0,0.0,0.0,0.0,0.3,0.0,0.0,0.0,0.0,0.0,0.0,0.0,0.0,0.0,0.0
1625-2,Hex4HexNAc4dHex1,Gal(Fuc)GlcNAcβ1-3(Gal-GlcNAcβ1-6)Galβ1-3(Gal-GlcNAcβ1-6)GalNAcol,0.1,0.0,0.0,0.0,0.0,0.0,0.3,0.8,0.0,1.0,0.0,0.0,0.0,0.0,0.3,0.0,0.0
1650,Hex2HexNAc5dHex2,GalNAcα1-3(Fucα1-2)Gal-GlcNAcβ1-3[GalNAcα1-3(Fucα1-2)Gal-GlcNAcβ1-6]GalNAcol,0.0,0.2,0.0,0.0,0.0,0.0,0.0,0.0,0.0,0.0,0.0,0.0,0.0,0.0,0.0,0.0,0.0
1666-1,Hex3HexNAc5dHex1,Gal(Fuc)GlcNAc(GlcNAc)Galβ1-3(HexNAc-Gal-GlcNAcβ1-6)GalNAcol,0.0,0.0,0.0,0.0,0.0,0.0,0.0,0.0,0.0,0.0,0.0,0.0,0.0,0.0,0.1,0.4,0.0
1666-2,Hex3HexNAc5dHex1,Gal(Fuc)GlcNAc(GlcNAc)Galβ1-3(HexNAc-Gal-GlcNAcβ1-6)GalNAcol,0.0,0.0,0.0,0.0,0.0,0.0,0.0,0.0,0.0,0.0,0.0,0.0,0.0,0.0,0.1,0.2,0.0
1666-3,Hex3HexNAc5dHex1,(Fucα1-2Gal)+(HexNAc-Gal)+GlcNAcβ1-3(GlcNAcβ1-6)Galβ1-3(GlcNAcβ1-6)GalNAcol,0.0,0.0,0.0,0.0,0.0,0.0,0.0,0.0,0.0,0.0,0.8,0.0,0.0,0.0,0.0,0.0,0.0
1666-4,Hex3HexNAc5dHex1,GalNAcβ1-4GlcNAcβ1-3(Galβ1-4GlcNAcβ1-6)Galβ1-3(Fucα1-2Galβ1-4GlcNAcβ1-6)GalNAcol,0.2,0.0,0.0,0.5,0.7,0.0,0.0,0.0,0.0,0.0,0.0,0.0,0.0,0.0,0.0,0.0,0.0
1682,Hex4HexNAc5,HexNAc+Galβ1-4GlcNAcβ1-3(Galβ1-4GlcNAcβ1-6)Galβ1-3(Galβ1-4GlcNAcβ1-6)GalNAcol,0.0,0.0,0.0,0.0,0.0,0.0,0.0,0.7,0.0,0.0,0.0,1.6,0.0,0.0,0.0,0.0,0.0
1697-1,NeuAc1Hex3HexNAc3dHex2,NeuAcα2-3Gal(Fuc)GlcNAcβ1-3Galβ1-3[Gal(Fuc)GlNAcβ1-6]GalNAcol,0.0,0.0,0.0,0.0,0.0,0.0,0.0,0.0,0.0,0.0,0.2,0.0,0.0,0.0,0.0,0.0,0.4
1697-2,NeuAc1Hex3HexNAc3dHex2,Fucα1-2Gal(Fuc)GlcNAc-Galβ1-3(NeuAcα2-3Galβ1-4GlcNAcβ1-6)GalNAcol,0.0,0.0,0.0,0.0,0.0,0.0,0.0,0.0,0.0,0.0,0.0,0.0,0.0,0.0,0.3,0.0,0.0
1697-3,NeuAc1Hex3HexNAc3dHex2,NeuAcα2-3Galβ1-3[Fucα1-2Galβ1-4GlcNAcβ1-3(Fucα1-2)Galβ1-4GlcNAcβ1-6]GalNAcol,0.1,0.0,0.0,0.0,0.0,0.0,0.0,0.0,0.0,0.0,0.0,0.0,0.0,0.0,0.0,0.0,0.0
1698,Hex3HexNAc3dHex4,Gal(Fuc)GlcNAc(Fucα1-2)Galβ1-3[Fucα1-2Gal(Fuc)GlcNAcβ1-6]GalNAcol,0.0,0.0,0.0,0.0,0.0,0.0,0.0,0.0,0.0,0.0,0.0,0.0,0.0,0.3,0.0,0.0,0.0
1713,NeuAc1Hex4HexNAc3dHex1,Galα1-3(Fucα1-2)Gal-GlcNAcβ1-3Galβ1-3(NeuAcα2-3Galβ1-4GlcNAcβ1-6)GalNAcol,0.0,0.0,0.0,0.0,0.0,0.0,0.0,0.0,0.0,0.0,0.0,0.0,0.0,0.0,0.0,0.0,0.2
1723,Hex3HexNAc6,HexNAc-Galβ1-4GlcNAcβ1-3(HexNAc-Galβ1-4GlcNAcβ1-6)Galβ1-3(GlcNAcβ1-6)GalNAcol,0.0,0.0,0.0,0.4,0.8,0.0,0.0,0.6,0.0,0.0,0.0,0.0,0.0,0.4,0.0,0.0,0.2
1755-1,Hex3HexNAc4dHex3,Gal(Fuc)GlcNAc-Galβ1-3[GalNAcα1-3(Fucα1-2)Gal-(Fuc)GlcNAcβ1-6]GalNAcol,0.0,0.0,0.0,0.0,0.0,0.0,0.0,0.0,0.0,0.0,0.0,0.0,0.0,0.6,0.0,0.0,0.0
1755-2,Hex3HexNAc4dHex3,Gal(Fuc)GlcNAc-Galβ1-3[GalNAcα1-3(Fucα1-2)Gal-(Fuc)GlcNAcβ1-6]GalNAcol,0.0,0.0,0.0,0.0,0.0,0.0,0.0,0.0,0.0,0.0,0.0,0.0,0.0,0.5,0.0,0.0,0.0
1770,NeuAc1Hex4HexNAc4,NeuAcα2-3Galβ1-3(Galβ1-4GlcNAcβ1-3Galβ1-4GlcNAcβ1-3Galβ1-4GlcNAcβ1-6)GalNAcol,0.0,0.0,0.0,0.8,0.0,0.0,0.2,0.0,0.0,0.0,0.0,0.0,0.0,0.0,0.0,0.0,0.0
1771-1,Hex4HexNAc4dHex2,GalNAcα1-3(Fucα1-2)Gal-GlcNAcβ1-3Galβ1-3[Galα1-3(Fucα1-2)Galβ1-4GlcNAcβ1-6]GalNAcol,0.0,0.8,0.0,0.0,0.0,0.0,0.0,0.0,0.0,0.0,0.0,1.1,0.0,0.0,0.0,0.0,0.1
1771-2,Hex4HexNAc4dHex2,Galβ1-3[Gal(Fuc)GlcNAc-Gal-GlcNAc-Gal(Fuc)GalNAcβ1-6]GalNAcol,0.0,0.0,0.0,0.0,0.0,0.0,0.5,0.0,0.0,0.0,0.0,0.0,0.0,0.0,0.2,0.0,0.0
1771-3,Hex4HexNAc4dHex2,Galα1-3(Fucα1-2)Gal-GlcNAcβ1-3Galβ1-3[GalNAcα1-3(Fucα1-2)Galβ1-4GlcNAcβ1-6]GalNAcol,0.0,0.3,0.0,0.0,0.0,0.0,0.0,0.0,0.0,0.0,0.0,0.0,0.0,0.0,0.0,0.0,0.0
1771-4,Hex4HexNAc4dHex2,Fucα1-2Gal-GlcNAc-Gal[Gal(Fuc)GlcNAc-Gal-GlcNAcβ1-6]GalNAcol,0.0,0.0,0.0,0.0,0.0,0.0,0.0,0.0,0.0,0.0,0.0,0.0,0.0,0.0,0.2,0.0,0.0
1771-5,Hex4HexNAc4dHex2,Fucα1-2Galβ1-4GlcNAcβ1-3(Fucα1-2)Galβ1-3(Galβ1-4GlcNAcβ1-3Galβ1-4GlcNAcβ1-6)GalNAcol,0.1,0.1,0.0,0.0,0.0,0.0,0.0,0.0,0.0,0.0,0.0,0.0,0.0,0.0,0.2,0.0,0.0
1771-6,Hex4HexNAc4dHex2,Fucα1-2Galβ1-4GlcNAcβ1-3Galβ1-3(Fucα1-2Galβ1-4GlcNAcβ1-3Galβ1-4GlcNAcβ1-6)GalNAcol,0.4,0.0,0.0,0.0,0.2,0.0,0.1,0.3,0.0,0.0,0.0,0.0,0.0,0.0,0.3,0.2,0.0
1771-7,Hex4HexNAc4dHex2,Fucα1-2Galβ1-3(Fucα1-2Galβ1-4GlcNAcβ1-3Galβ1-4GlcNAcβ1-3Galβ1-4GlcNAcβ1-6)GalNAcol,0.5,0.0,0.0,0.0,0.0,0.0,0.0,0.0,0.0,0.0,0.0,0.0,0.0,0.0,0.0,0.0,1.1
1812-1,Hex3HexNAc5dHex2,GalNAcα1-3(Fucα1-2)Galβ1-4GlcNAcβ1-3Galβ1-3[GalNAcα1-3(Fucα1-2)Galβ1-4GlcNAcβ1-6]GalNAcol,0.0,0.6,0.0,0.0,0.0,0.4,0.0,0.4,0.0,0.0,0.0,0.0,0.0,0.6,0.0,0.0,0.0
1812-2,Hex3HexNAc5dHex2,GalNAcα1-3(Fucα1-2)Galβ1-3[GalNAcα1-3(Fucα1-2)Galβ1-4GlcNAcβ1-3Galβ1-4GlcNAcβ1-6]GalNAcol,0.0,0.2,0.0,0.0,0.0,0.0,0.0,0.2,0.0,0.0,0.0,0.0,0.0,0.0,0.0,0.0,0.0
1812-3,Hex3HexNAc5dHex2,GalNAcα1-3(Fucα1-2)Gal+Hex2HexNAc3dHex1+GalNAcol,0.0,0.1,0.0,0.0,0.0,0.0,0.0,0.0,0.0,0.0,0.0,0.0,0.0,0.0,0.0,0.0,0.0
1828-1,Hex4HexNAc5dHex1,GalGlcNAcβ1-3[Gal(Fuc)GlcNAcβ1-6]Galβ1-3(HexNAc-Gal-GlcNAcβ1-6)GalNAcol,0.0,0.2,0.0,0.0,0.0,0.0,0.0,0.6,0.0,1.2,0.0,0.0,0.0,0.0,0.0,0.0,0.0
1828-2,Hex4HexNAc5dHex1,GalNAcα1-3(Fucα1-2)Galβ1-4GlcNAcβ1-3(Galβ1-4GlcNAcβ1-6)Galβ1-3(Galβ1-4GlcNAcβ1-6)GalNAcol,0.0,0.1,0.0,0.0,0.2,0.0,0.0,0.0,0.0,0.0,0.0,0.0,0.0,0.0,0.1,0.0,0.0
1842,NeuAc2Hex3HexNAc3dHex1,NeuAcα2-3Galβ1-3[NeuAcα2-3Galβ1-4GlcNAcβ1-3Gal(Fuc)GlcNAcβ1-6]GalNAcol,0.0,0.0,0.0,0.0,0.0,0.0,0.0,0.0,0.0,0.0,0.0,0.0,0.0,0.0,0.0,0.0,0.2
1843,NeuAc1Hex3HexNAc3dHex3,Fucα1-2Galβ1-3[NeuAcα2-3Gal(Fuc)GlcNAc-Gal(Fuc)GlcNAcβ1-6]GalNAcol,0.0,0.0,0.0,0.0,0.0,0.0,0.0,0.0,0.0,0.0,0.2,0.0,0.0,0.0,0.0,0.0,0.8
1844-1,Hex5HexNAc5,Galβ1-3(Galβ1-4GlcNAcβ1-3Galβ1-4GlcNAcβ1-3Galβ1-4GlcNAcβ1-3Galβ1-4GlcNAcβ1-6)GalNAcol,0.0,0.0,3.6,0.0,0.0,0.0,0.7,0.0,0.0,0.0,0.0,0.0,0.0,0.0,0.3,0.0,0.0
1844-2,Hex5HexNAc5,Galβ1-4GlcNAcβ1-3Galβ1-4GlcNAcβ1-3Galβ1-4GlcNAcβ1-3Galβ1-4GlcNAcβ1-3Galβ1-3GalNAcol,0.0,0.0,5.7,0.0,0.0,0.0,0.0,0.0,0.0,0.0,0.0,0.0,0.0,0.0,0.0,0.0,0.0
1844-3,Hex5HexNAc5,Gal-GlcNAc-Galβ1-3(Gal-GlcNAc-Gal-GlcNAc-Galβ1-4GlcNAcβ1-6)GalNAcol,0.0,0.0,0.0,0.0,0.0,0.0,1.4,0.0,0.0,0.0,0.0,0.0,0.0,0.0,0.6,0.0,0.0
1876-1,Hex5HexNAc3dHex3,Galα1-3(Fucα1-2)Gal(Fuc)GlcNAc-Galβ1-3[Galα1-3(Fucα1-2)Gal-GlcNAcβ1-6]GalNAcol,0.0,0.0,0.0,0.0,0.0,0.0,0.0,0.0,0.0,0.0,0.1,0.0,0.0,0.0,0.0,0.0,0.3
1876-2,Hex5HexNAc3dHex3,Galα1-3(Fucα1-2)Gal(Fuc)GlcNAc-Galβ1-3[Galα1-3(Fucα1-2)Gal-GlcNAcβ1-6]GalNAcol,0.0,0.2,0.0,0.0,0.0,0.0,0.0,0.0,0.0,0.0,0.0,0.0,0.0,0.0,0.0,0.0,0.3
1885,Hex4HexNAc6,HexNAc-Galβ1-4GlcNAcβ1-3(Galβ1-4GlcNAcβ1-6)Galβ1-3(HexNAc-Galβ1-4GlcNAcβ1-6)GalNAcol,0.0,0.0,0.0,0.0,0.0,0.4,0.2,1.4,0.0,3.4,0.0,0.0,0.0,0.1,0.0,0.2,0.0
1917-1,Hex4HexNAc4dHex3,Gal(Fuc)GlcNAcβ1-3[Gal(Fuc)GlcNAcβ1-6]Galβ1-3[Gal(Fuc)GlcNAcβ1-6]GalNAcol,0.0,0.0,0.0,0.0,0.0,0.0,0.9,0.0,0.0,0.0,0.0,0.0,0.0,0.0,0.3,0.6,0.0
1917-2,Hex4HexNAc4dHex3,Fucα1-2Gal-(Fuc)GlcNAcβ1-3(Gal-GlcNAcβ1-6)Galβ1-3(Fucα1-2Galβ1-4GlcNAcβ1-6)GalNAcol,0.0,0.0,0.0,0.0,0.0,0.0,0.0,0.0,0.0,0.0,0.0,0.0,0.0,0.0,0.2,0.0,0.0
1917-3,Hex4HexNAc4dHex3,Fucα1-2Galβ1-4GlcNAcβ1-3(Fucα1-2Galβ1-4GlcNAcβ1-6)Galβ1-3[Gal(Fuc)GlcNAcβ1-6]GalNAcol,0.0,0.0,0.0,0.2,0.5,0.0,0.1,0.2,0.7,0.0,0.0,0.0,0.0,0.0,0.5,0.0,0.0
1917-4,Hex4HexNAc4dHex3,Fucα1-2Gal-(Fuc)GlcNAcβ1-3(Fucα1-2Galβ1-4GlcNAcβ1-6)Galβ1-3(Galβ1-4GlcNAcβ1-6)GalNAcol,0.0,0.0,0.0,0.0,0.0,0.0,0.0,0.0,0.0,0.0,0.0,0.0,0.0,0.0,0.4,0.0,0.0
1917-5,Hex4HexNAc4dHex3,Fucα1-2Galβ1-4GlcNAcβ1-3(Fucα1-2Galβ1-4GlcNAcβ1-6)Galβ1-3[Fucα1-2Galβ1-4GlcNAcβ1-6]GalNAcol,0.0,0.0,0.0,0.4,0.8,0.3,0.0,0.2,0.7,0.0,0.0,0.0,0.0,0.0,0.4,0.4,0.4
1958,Hex3HexNAc5dHex3,GalNAcα1-3(Fucα1-2)Gal-GlcNAcβ1-3(Fucα1-2)Galβ1-3[GalNAcα1-3(Fucα1-2)Galβ1-4GlcNAcβ1-6]GalNAcol,0.0,0.0,0.0,0.0,0.0,0.0,0.0,0.0,0.0,0.0,0.0,0.0,0.0,0.3,0.0,0.0,0.0
1974-1,Hex4HexNAc5dHex2,Gal(Fuc)GlcNAcβ1-3[Gal(Fuc)GlcNAcβ1-6]Galβ1-3(HexNAc-Gal-GlcNAcβ1-6)GalNAcol,0.0,0.0,0.0,0.0,0.0,0.0,0.8,0.0,0.0,0.6,0.0,0.0,0.0,0.0,0.3,0.9,0.0
1974-2,Hex4HexNAc5dHex2,Gal(Fuc)GlcNAcβ1-3(Gal-GlcNAcβ1-6)Galβ1-3[GalNAcα1-3(Fucαa1-2)Gal-GlcNAcβ1-6]GalNAcol,0.0,0.0,0.0,0.0,0.0,0.0,0.2,0.0,0.0,0.0,0.0,0.0,0.0,0.0,0.1,0.3,0.0
1974-3,Hex4HexNAc5dHex2,GalNAcα1-3(Fucα1-2)Gal-GlcNAc-(Fucα1-2)Galβ1-3(Gal-GlcNAc-Galβ1-4GlcNAcβ1-6)GalNAcol,0.0,0.0,0.0,0.0,0.0,0.0,0.0,0.0,0.0,0.0,0.0,0.0,0.0,0.0,0.2,0.0,0.0
1974-4,Hex4HexNAc5dHex2,GalNAcα1-3(Fucα1-2)Galβ1-4GlcNAcβ1-3(Fucα1-2Galβ1-4GlcNAcβ1-6)Galβ1-3(Galβ1-4GlcNAcβ1-6)GalNAcol,0.0,0.0,0.0,0.3,0.8,0.3,0.0,1.7,0.0,0.0,0.0,0.0,0.0,0.0,0.0,0.0,0.0
1974-5,Hex4HexNAc5dHex2,Fucα1-2Galβ1-3[GalNAcα1-3(Fucα1-2)Gal-GlcNAc-Gal-GlcNAc-Gal-GalNAcβ1-6]GalNAcol,0.0,0.0,0.0,0.0,0.0,0.0,0.0,0.0,0.0,0.0,0.0,0.0,0.0,0.0,0.2,0.0,0.0
1988,NeuAc2Hex3HexNAc3dHex2,NeuAcα2-3Galβ1-3[NeuAcα2-3Gal(Fuc)GlcNAc-Gal(Fuc)GlcNAcβ1-6]GalNAcol,0.0,0.0,0.0,0.0,0.0,0.0,0.0,0.0,0.0,0.0,0.5,0.0,0.0,0.0,0.0,0.0,1.0
1990-1,Hex5HexNAc5dHex1,Fucα1-2Gal-GlcNAc(Gal-GlcNAc)Galβ1-3(Gal-GlcNAc-Gal-GlcNAcβ1-6)GalNAcol,0.0,0.0,0.0,0.0,0.0,0.0,0.2,0.0,0.0,0.0,0.0,0.0,0.0,0.0,0.0,0.0,0.0
1990-2,Hex5HexNAc5dHex1,Fucα1-2Gal-GlcNAc(Gal-GlcNAc)Galβ1-3(Gal-GlcNAc-Gal-GlcNAcβ1-6)GalNAcol,0.0,0.0,0.0,0.0,0.0,0.0,0.2,0.0,0.0,0.0,0.0,0.0,0.0,0.0,0.0,0.0,0.0
1990-3,Hex5HexNAc5dHex1,Fucα1-2Gal-GlcNAc(Gal-GlcNAc)Galβ1-3(Gal-GlcNAc-Gal-GlcNAcβ1-6)GalNAcol,0.0,0.0,0.0,0.0,0.0,0.0,0.3,0.0,0.0,0.0,0.0,0.0,0.0,0.0,0.0,0.0,0.0
1990-4,Hex5HexNAc5dHex1,Fucα1-2Gal-GlcNAc(Gal-GlcNAc)Galβ1-3(Gal-GlcNAc-Gal-GlcNAcβ1-6)GalNAcol,0.0,0.0,0.0,0.0,0.0,0.0,0.3,0.0,0.0,0.0,0.0,0.0,0.0,0.0,0.0,0.0,0.0
1990-5,Hex5HexNAc5dHex1,Galβ1-3(Fucα1-2Galβ1-4GlcNAcβ1-3Galβ1-4GlcNAcβ1-3Galβ1-4GlcNAcβ1-3Galβ1-4GlcNAcβ1-6)GalNAcol,0.1,0.0,0.0,0.0,0.0,0.0,0.0,0.0,0.0,0.0,0.0,0.0,0.0,0.0,0.0,0.0,0.0
1990-6,Hex5HexNAc5dHex1,Fucα1-2Galβ1-3(Galβ1-4GlcNAcβ1-3Galβ1-4GlcNAcβ1-3Galβ1-4GlcNAcβ1-3Galβ1-4GlcNAcβ1-6)GalNAcol,0.2,0.0,0.0,0.0,0.0,0.0,0.0,0.0,0.0,0.0,0.0,0.0,0.0,0.0,0.0,0.0,0.0
2031-1,Hex4HexNAc6dHex1,Gal(Fuc)GlcNAcβ1-3(HexNAc-Galβ1-4GlcNAcβ1-6)Galβ1-3(HexNAc-Galβ1-4GlcNAcβ1-6)GalNAcol,0.0,0.0,0.0,0.0,0.0,0.0,0.0,0.0,0.0,0.6,0.0,0.0,0.0,0.4,0.0,0.0,0.0
2031-2,Hex4HexNAc6dHex1,HexNAc-Galβ1-4GlcNAcβ1-3[Gal(Fuc)GlcNAcβ1-6]Galβ1-3(HexNAc-Galβ1-4GlcNAcβ1-6)GalNAcol,0.0,0.0,0.0,0.0,0.0,0.0,0.0,0.6,0.0,0.8,0.0,0.0,0.0,0.4,0.0,0.0,0.0
2031-3,Hex4HexNAc6dHex1,Gal(Fuc)GlcNAcβ1-3(HexNAc-Galβ1-4GlcNAcβ1-6)Galβ1-3(HexNAc-Galβ1-4GlcNAcβ1-6)GalNAcol,0.0,0.0,0.0,0.0,0.0,0.0,0.3,0.0,0.0,5.8,0.0,0.0,0.0,0.0,0.2,0.6,0.1
2031-4,Hex4HexNAc6dHex1,HexNAc-Galβ1-4GlcNAcβ1-3[Gal(Fuc)GlcNAcβ1-6]Galβ1-3(HexNAc-Galβ1-4GlcNAcβ1-6)GalNAcol,0.1,0.0,0.0,0.0,0.0,0.0,0.2,0.0,0.0,4.9,0.0,0.0,0.0,0.0,0.2,0.4,0.0
2031-5,Hex4HexNAc6dHex1,Fuc+HexNAc-Galβ1-4GlcNAcβ1-3(HexNAc-Gal-GlcNAcβ1-6)Galβ1-3(Galβ1-4GlcNAcβ1-6)GalNAcol,0.1,0.0,0.0,0.0,0.0,0.0,0.0,0.0,0.0,0.0,0.0,0.0,0.0,0.0,0.0,0.0,0.0
2062,NeuAc1Hex4HexNAc4dHex2,Gal(Fuc)GlcNAcβ1-3Galβ1-3[NeuAcα2-3Gal(Fuc)GlcNAc-Galβ1-4GlcNAcβ1-6]GalNAcol,0.0,0.0,0.0,0.0,0.0,0.0,0.0,0.0,0.0,0.0,0.0,0.0,0.0,0.0,0.0,0.0,0.2
2088,Hex4HexNAc7,HexNAc-Gal-GlcNAcβ1-3(HexNAc-Gal-GlcNAcβ1-6)Galβ1-3(HexNAc-Gal-GlcNAcβ1-6)GalNAcol,0.3,0.0,0.0,0.0,0.0,0.4,0.5,1.5,0.0,3.4,0.0,0.0,0.0,0.6,0.0,0.6,0.2
2120-1,Hex4HexNAc5dHex3,Gal(Fuc)GlcNAcβ1-3[Fucα1-2Gal(Fuc)GlcNAcβ1-6]Galβ1-3(HexNAc-Gal-GlcNAcβ1-6)GalNAcol,0.0,0.0,0.0,0.0,0.0,0.0,0.0,0.0,0.0,0.0,0.0,0.0,0.0,0.0,0.2,0.0,0.0
2120-2,Hex4HexNAc5dHex3,Fucα1-2GalGlcNAcβ1-3(Fucα1-2GalGlcNAcβ1-6)Galβ1-3[GalNAc(Fuc)Gal-GlcNAcβ1-6]GalNAcol,0.0,0.0,0.0,0.0,0.0,0.0,0.0,0.0,0.0,0.0,0.0,0.0,0.0,0.0,0.2,0.0,0.0
2136,Hex5HexNAc5dHex2,Fucα1-2Galβ1-4GlcNAcβ1-3(Fucα1-2Galβ1-4GlcNAcβ1-6)Galβ1-3(Gal-GlcNAc-Gal-GlcNAcβ1-6)GalNAcol,0.4,0.0,0.0,0.0,0.0,0.0,0.1,0.0,0.0,0.0,0.0,0.0,0.0,0.0,0.0,0.0,0.1
2282-1,Hex5HexNAc5dHex3,2Fuc+(Gal-GlcNAc)+Gal(Fuc)GlcNAcβ1-3(Gal-GlcNAcβ1-6)Galβ1-3(Gal-GlcNAcβ1-6)GalNAcol,0.0,0.0,0.0,0.0,0.0,0.0,0.0,0.0,0.0,0.0,0.0,0.0,0.0,0.0,0.1,0.0,0.0
2282-2,Hex5HexNAc5dHex3,(Fucα1-2Gal-GlcNAc)3+Galβ1-3(Galβ1-4GlcNAcβ1-6)GalNAcol,0.0,0.0,0.0,0.0,0.0,0.0,0.0,0.0,0.0,0.0,0.0,0.0,0.0,0.0,0.2,0.1,0.0
